2,10.8926,0
2,17.0588,0
2,49.2898,0
2,62.5054,0
2,62.7554,0
2,63.672,0
2,70.9548,0
2,74.1046,0
2,75.1711,0
2,80.6374,0
2,95.4362,0
2,106.2021,0
2,113.0683,0
2,116.7013,0
2,130.6169,0
2,141.7067,0
2,143.0566,0
2,150.306,0
2,152.0058,0
2,175.5874,0
2,180.3537,0
2,193.8193,0
2,201.8594,0
2,207.059,0
2,209.6494,0
2,210.7492,0
2,211.8158,0
2,220.5485,0
2,223.7149,0
2,226.248,0
2,231.431,0
2,234.0976,0
2,239.2971,0
2,241.047,0
2,243.0468,0
2,250.213,0
2,257.103,0
2,263.9191,0
2,273.4518,0
2,283.0416,0
2,285.6581,0
2,294.7573,0
2,306.1232,0
2,310.1395,0
2,317.3723,0
2,326.2717,0
2,329.3381,0
2,337.6042,0
2,341.2705,0
2,343.7704,0
2,347.7867,0
2,351.3864,0
2,355.5695,0
3,0.6485,0
3,3.2317,0
3,6.4814,0
3,17.2805,0
3,23.1135,0
3,26.1966,0
3,27.2465,0
3,29.8464,0
3,33.6627,0
3,40.7622,0
3,42.5454,0
3,45.4785,0
3,49.4949,0
3,53.0446,0
3,56.6609,0
3,58.1109,0
3,60.8606,0
3,62.4605,0
3,63.8771,0
3,65.227,0
3,66.6268,0
3,67.3102,0
3,67.8434,0
3,68.7101,0
3,69.56,0
3,70.5766,0
3,71.4099,0
3,73.593,0
3,75.493,0
3,77.3095,0
3,78.6093,0
3,80.0759,0
3,81.2258,0
3,83.5924,0
3,86.1087,0
3,87.8087,0
3,89.4586,0
3,92.3417,0
3,93.7083,0
3,95.3081,0
3,96.658,0
3,98.1745,0
3,98.7912,0
3,100.5411,0
3,102.2076,0
3,105.124,0
3,106.7572,0
3,107.9071,0
3,109.5571,0
3,110.5403,0
3,111.4902,0
3,112.3902,0
3,112.8068,0
3,114.04,0
3,114.8733,0
3,115.8065,0
3,116.6565,0
3,118.2897,0
3,119.7396,0
3,120.9396,0
3,122.5894,0
3,123.1393,0
3,124.2059,0
3,125.5892,0
3,126.4558,0
3,127.7224,0
3,128.3056,0
3,131.4553,0
3,132.4221,0
3,134.2385,0
3,135.7884,0
3,137.005,0
3,138.2049,0
3,140.0047,0
3,141.3213,0
3,142.4546,0
3,144.1544,0
3,145.1211,0
3,146.1209,0
3,146.8709,0
3,147.5709,0
3,149.8374,0
3,152.6205,0
3,154.3871,0
3,155.8036,0
3,157.1034,0
3,161.4865,0
3,168.5359,0
3,172.9022,0
3,174.0189,0
3,175.4688,0
3,177.1519,0
3,178.0353,0
3,179.1185,0
3,180.4517,0
3,181.135,0
3,181.8683,0
3,182.8349,0
3,183.5849,0
3,184.7181,0
3,186.1347,0
3,187.5012,0
3,188.6012,0
3,189.801,0
3,191.3009,0
3,193.934,0
3,194.6174,0
3,195.8006,0
3,196.8506,0
3,197.8671,0
3,199.317,0
3,200.9002,0
3,202.0668,0
3,203.55,0
3,206.4665,0
3,208.4997,0
3,211.4494,0
3,213.2826,0
3,214.8159,0
3,216.4824,0
3,217.4823,0
3,218.149,0
3,219.7488,0
3,220.6654,0
3,221.9319,0
3,223.7819,0
3,224.9818,0
3,225.9984,0
3,228.5648,0
3,230.8481,0
3,233.5812,0
3,239.664,0
3,243.1471,0
3,245.0303,0
3,245.7969,0
3,247.4635,0
3,248.58,0
3,250.6298,0
3,252.1297,0
3,254.0463,0
3,255.8628,0
3,256.696,0
3,259.6625,0
3,262.1623,0
3,262.9956,0
3,264.6954,0
3,265.612,0
3,266.6453,0
3,267.6953,0
3,269.2618,0
3,270.495,0
3,271.3616,0
3,272.2782,0
3,273.0782,0
3,274.4781,0
3,277.7278,0
3,279.0444,0
3,280.1943,0
3,282.3441,0
3,285.3772,0
3,287.7604,0
3,289.0436,0
3,289.7435,0
3,292.3767,0
3,294.9598,0
3,295.4432,0
3,298.3929,0
3,299.0429,0
3,299.7095,0
3,301.3594,0
3,304.1259,0
3,305.0591,0
3,307.0923,0
3,309.9588,0
3,310.792,0
3,312.5252,0
3,313.9917,0
3,315.525,0
3,317.5082,0
3,318.3581,0
3,320.1413,0
3,320.9745,0
3,321.9912,0
3,323.2078,0
3,325.8076,0
3,328.0073,0
3,330.0573,0
3,331.4738,0
3,333.6236,0
3,334.4903,0
3,335.8569,0
3,336.5901,0
3,339.5232,0
3,340.9398,0
3,343.3395,0
3,344.6729,0
3,346.4726,0
3,348.0226,0
3,350.3057,0
3,351.5723,0
3,352.8055,0
3,354.422,0
3,355.872,0
3,358.2385,0
3,360.005,0
3,361.1882,0
3,362.8048,0
4,24.444,0
4,121.0535,0
4,121.4367,0
4,147.3682,0
4,165.1668,0
4,178.7492,0
4,205.5305,0
4,225.829,0
4,263.1428,0
4,281.0081,0
4,295.1571,0
4,295.3571,0
4,301.74,0
4,314.2724,0
4,318.6221,0
4,329.3546,0
4,344.5868,0
4,345.1534,0
4,345.8534,0
4,350.8363,0
5,1.5279,0
5,10.6604,0
5,22.1428,0
5,38.958,0
5,51.0403,0
5,72.9717,0
5,99.586,0
5,119.3677,0
5,128.9335,0
5,140.9824,0
5,157.6809,0
5,159.0975,0
5,165.4303,0
5,186.2618,0
5,204.5269,0
5,206.8433,0
5,213.0428,0
5,224.6251,0
5,241.5737,0
5,256.789,0
5,272.1044,0
5,279.0704,0
5,302.6851,0
5,311.3509,0
5,316.9838,0
5,346.8313,0
6,1.1312,0
6,3.9976,0
6,5.6141,0
6,6.614,0
6,8.7638,0
6,10.2304,0
6,11.3969,0
6,12.3636,0
6,22.6627,0
6,25.3624,0
6,27.2789,0
6,27.9122,0
6,29.3954,0
6,29.8454,0
6,30.2287,0
6,31.1453,0
6,35.8782,0
6,41.5944,0
6,48.6605,0
6,49.1104,0
6,49.7437,0
6,54.5767,0
6,55.1599,0
6,56.5264,0
6,57.0431,0
6,59.6095,0
6,60.7261,0
6,63.3925,0
6,66.3923,0
6,76.4414,0
6,85.5073,0
6,86.4739,0
6,86.9072,0
6,89.7069,0
6,90.3069,0
6,94.2566,0
6,97.0397,0
6,98.9062,0
6,99.8562,0
6,101.3059,0
6,102.0559,0
6,115.4214,0
6,116.4214,0
6,119.1045,0
6,119.8377,0
6,120.871,0
6,121.721,0
6,122.5208,0
6,124.1041,0
6,128.8537,0
6,131.42,0
6,132.4034,0
6,132.7366,0
6,133.1033,0
6,133.4866,0
6,134.5699,0
6,134.9865,0
6,135.4031,0
6,135.9197,0
6,146.1855,0
6,150.8851,0
6,151.685,0
6,154.2348,0
6,158.8844,0
6,159.251,0
6,160.4509,0
6,161.2509,0
6,169.9502,0
6,171.5833,0
6,172.8999,0
6,173.5665,0
6,178.0327,0
6,179.016,0
6,186.682,0
6,197.0478,0
6,208.4968,0
6,209.3135,0
6,212.8132,0
6,216.3295,0
6,218.6626,0
6,220.0461,0
6,221.3125,0
6,226.3787,0
6,229.8617,0
6,230.8283,0
6,232.1615,0
6,237.4611,0
6,237.9443,0
6,238.1443,0
6,238.3942,0
6,240.7941,0
6,241.7773,0
6,242.7439,0
6,243.0773,0
6,243.9605,0
6,244.5104,0
6,245.0104,0
6,245.6604,0
6,246.0936,0
6,249.3767,0
6,249.86,0
6,253.6763,0
6,254.6096,0
6,256.8761,0
6,257.2927,0
6,257.676,0
6,258.7759,0
6,259.2925,0
6,259.9258,0
6,260.6924,0
6,261.0924,0
6,261.4924,0
6,261.8423,0
6,262.259,0
6,262.5589,0
6,263.5089,0
6,263.9588,0
6,266.1086,0
6,275.5078,0
6,275.7911,0
6,276.191,0
6,279.6575,0
6,280.3241,0
6,280.774,0
6,281.374,0
6,281.974,0
6,282.5072,0
6,283.0406,0
6,287.0902,0
6,288.69,0
6,293.0064,0
6,293.673,0
6,297.5892,0
6,298.7226,0
6,299.6224,0
6,300.5723,0
6,301.6555,0
6,302.4389,0
6,304.922,0
6,305.7886,0
6,306.7219,0
6,320.704,0
6,324.937,0
6,328.1367,0
6,328.9533,0
6,334.6361,0
6,335.1527,0
6,335.6694,0
6,336.0026,0
6,339.9523,0
6,341.4188,0
6,342.0022,0
6,342.9521,0
6,343.6853,0
6,344.2187,0
6,344.9185,0
6,346.8684,0
6,347.2518,0
6,347.8516,0
6,348.6183,0
6,349.1515,0
6,349.7015,0
6,350.3847,0
6,351.3514,0
6,352.5846,0
6,353.4512,0
6,353.9512,0
6,354.4511,0
6,360.4505,0
7,0.7661,0
7,22.6976,0
7,51.9284,0
7,57.5946,0
7,63.0608,0
7,68.0604,0
7,72.2934,0
7,80.2927,0
7,87.0921,0
7,93.0416,0
7,94.9915,0
7,100.5077,0
7,101.4409,0
7,102.7908,0
7,112.3733,0
7,113.3065,0
7,133.4382,0
7,148.0702,0
7,160.3193,0
7,172.9015,0
7,181.4507,0
7,184.7672,0
7,187.7835,0
7,191.3666,0
7,192.9831,0
7,194.5163,0
7,195.2496,0
7,196.1328,0
7,196.7162,0
7,197.5994,0
7,198.4493,0
7,199.3159,0
7,201.899,0
7,203.1156,0
7,209.9317,0
7,217.331,0
7,221.3807,0
7,225.747,0
7,231.6299,0
7,234.263,0
7,239.1792,0
7,241.279,0
7,246.2286,0
7,251.8281,0
7,259.1442,0
7,260.544,0
7,261.144,0
7,264.1937,0
7,265.8436,0
7,270.2432,0
7,270.7765,0
7,272.193,0
7,275.7094,0
7,276.526,0
7,279.3425,0
7,282.7588,0
7,283.7421,0
7,297.3742,0
7,308.19,0
7,308.9066,0
7,310.3398,0
7,312.7729,0
7,314.1562,0
7,316.5726,0
7,318.4558,0
7,326.1218,0
7,328.8549,0
7,334.2877,0
7,335.721,0
7,336.8376,0
7,339.3707,0
7,340.6539,0
7,341.9372,0
7,342.8704,0
7,344.6535,0
7,345.5535,0
7,347.8366,0
7,349.7865,0
7,350.5364,0
7,355.1027,0
7,360.5689,0
7,362.352,0
8,1.5587,0
8,5.5751,0
8,8.6248,0
8,11.3245,0
8,16.974,0
8,18.2073,0
8,23.3902,0
8,27.5397,0
8,30.4728,0
8,33.2227,0
8,36.7223,0
8,41.5719,0
8,45.4048,0
8,49.3713,0
8,51.6376,0
8,56.6539,0
8,64.4032,0
8,68.4196,0
8,71.8193,0
8,77.0521,0
8,83.4183,0
8,103.5832,0
8,133.2473,0
8,138.1469,0
8,154.5621,0
8,181.0765,0
8,181.7931,0
8,202.8912,0
8,208.8573,0
8,235.4718,0
8,237.2383,0
8,246.2042,0
8,251.5537,0
8,299.0662,0
8,320.631,0
8,324.4807,0
8,355.2448,0
9,2.6397,0
9,8.306,0
9,15.4888,0
9,23.1216,0
9,28.4211,0
9,34.604,0
9,38.1537,0
9,52.9193,0
9,56.3024,0
9,60.9187,0
9,67.0015,0
9,72.6678,0
9,77.3674,0
9,82.8503,0
9,88.15,0
9,92.0829,0
9,100.1489,0
9,104.2653,0
9,107.3317,0
9,119.8642,0
9,123.1305,0
9,125.0304,0
9,127.5968,0
9,128.7634,0
9,133.1464,0
9,162.5109,0
9,171.7601,0
9,176.2265,0
9,181.0428,0
9,192.9252,0
9,196.325,0
9,204.9242,0
9,210.3572,0
9,226.9393,0
9,230.039,0
9,237.8384,0
9,242.988,0
9,248.1043,0
9,253.0873,0
9,258.2369,0
9,261.8033,0
9,267.3362,0
9,284.8182,0
9,294.7008,0
9,297.7838,0
9,305.6333,0
9,309.8663,0
9,313.1994,0
9,319.5155,0
9,322.7986,0
9,329.5314,0
9,333.9311,0
9,339.2308,0
9,342.0471,0
9,343.4305,0
9,345.9636,0
9,355.5795,0
10,2.2454,0
10,13.8444,0
10,33.2098,0
10,37.2595,0
10,44.7921,0
10,95.2718,0
10,97.505,0
10,128.4704,0
10,131.4002,0
10,132.2502,0
10,133.6001,0
10,134.4,0
10,136.2665,0
10,138.9997,0
10,142.5494,0
10,144.0827,0
10,157.3651,0
10,161.3648,0
10,173.6638,0
10,176.9136,0
10,181.6799,0
10,187.546,0
10,190.2792,0
10,192.5625,0
10,195.0289,0
10,198.0286,0
10,199.0786,0
10,200.3118,0
10,205.0115,0
10,213.5275,0
10,216.0274,0
10,225.2434,0
10,226.8099,0
10,230.1929,0
10,232.7761,0
10,236.9092,0
10,238.2091,0
10,244.7752,0
10,246.3751,0
10,247.6251,0
10,250.5249,0
10,253.1746,0
10,263.3406,0
10,264.4238,0
10,265.1071,0
10,266.2737,0
10,267.1735,0
10,267.9069,0
10,270.34,0
10,272.6398,0
10,274.0064,0
10,275.523,0
10,277.5895,0
10,280.256,0
10,282.2226,0
10,284.6557,0
10,286.8055,0
10,293.1717,0
10,296.0715,0
10,302.4043,0
10,308.8038,0
10,323.4861,0
10,339.185,0
10,341.8015,0
10,347.5844,0
10,355.5504,0
10,359.0003,0
11,2.979,0
11,6.3121,0
11,10.0118,0
11,16.028,0
11,21.6941,0
11,24.9106,0
11,26.8604,0
11,28.0769,0
11,29.7602,0
11,42.8757,0
11,46.8422,0
11,49.5085,0
11,51.4084,0
11,55.1414,0
11,58.3079,0
11,64.1241,0
11,69.7735,0
11,72.49,0
11,80.4394,0
11,81.4726,0
11,88.722,0
11,91.8551,0
11,98.1213,0
11,102.7042,0
11,106.3373,0
11,107.5371,0
11,108.937,0
11,112.8367,0
11,115.8532,0
11,119.7528,0
11,121.8693,0
11,125.769,0
11,127.9855,0
11,132.4185,0
11,135.5015,0
11,137.0514,0
11,137.6514,0
11,141.1344,0
11,144.7008,0
11,146.2174,0
11,151.0003,0
11,153.1834,0
11,157.2831,0
11,159.8996,0
11,161.2662,0
11,165.799,0
11,170.8987,0
11,173.865,0
11,176.6649,0
11,180.7312,0
11,183.9975,0
11,185.9975,0
11,189.9638,0
11,196.7299,0
11,197.5799,0
11,200.5296,0
11,204.6626,0
11,210.7954,0
11,212.3119,0
11,213.3785,0
11,219.0781,0
11,220.2113,0
11,221.3113,0
11,227.2775,0
11,230.8938,0
11,233.0437,0
11,235.1601,0
11,237.8766,0
11,239.2765,0
11,244.2761,0
11,248.5757,0
11,252.392,0
11,256.1417,0
11,258.3916,0
11,262.1079,0
11,263.4412,0
11,274.2903,0
11,278.19,0
11,284.6395,0
11,290.9889,0
11,297.4051,0
11,303.4879,0
11,306.7376,0
11,308.8376,0
11,311.2873,0
11,312.7539,0
11,316.0369,0
11,319.2533,0
11,321.1032,0
11,323.0364,0
11,324.9695,0
11,326.4528,0
11,328.9192,0
11,331.919,0
11,333.0856,0
11,334.1522,0
11,334.9854,0
11,337.152,0
11,339.9017,0
11,341.2682,0
11,342.1348,0
11,343.6014,0
11,346.1011,0
11,347.5011,0
11,348.4176,0
11,350.0008,0
11,351.7174,0
11,354.3839,0
11,356.717,0
11,361.0667,0
12,0.6699,0
12,1.5198,0
12,9.9024,0
12,12.0021,0
12,12.8855,0
12,15.4352,0
12,20.0182,0
12,23.8177,0
12,26.0342,0
12,29.1007,0
12,33.9002,0
12,41.6163,0
12,46.4491,0
12,53.4485,0
12,57.1981,0
12,61.5978,0
12,65.5974,0
12,70.847,0
12,76.9964,0
12,81.1293,0
12,82.1293,0
12,83.6292,0
12,92.5451,0
12,97.2446,0
12,106.1272,0
12,111.46,0
12,117.2928,0
12,120.4925,0
12,122.1424,0
12,122.5257,0
12,125.4755,0
12,126.5087,0
12,128.2918,0
12,129.3918,0
12,130.4084,0
12,131.2251,0
12,132.3581,0
12,134.3914,0
12,137.0577,0
12,139.3076,0
12,141.2408,0
12,145.5736,0
12,148.5067,0
12,152.3064,0
12,156.5561,0
12,158.2059,0
12,160.9391,0
12,162.0556,0
12,163.6721,0
12,165.8885,0
12,167.0551,0
12,168.4716,0
12,170.3381,0
12,174.8378,0
12,179.1707,0
12,183.3037,0
12,186.7201,0
12,188.2199,0
12,190.453,0
12,193.4028,0
12,199.1357,0
12,201.6854,0
12,207.3849,0
12,215.4509,0
12,218.2173,0
12,222.0837,0
12,224.7334,0
12,225.2834,0
12,227.3165,0
12,228.983,0
12,230.0662,0
12,230.5662,0
12,232.2328,0
12,233.6493,0
12,234.9492,0
12,235.949,0
12,239.9654,0
12,243.9483,0
12,245.2317,0
12,252.931,0
12,255.8639,0
12,263.0634,0
12,267.1963,0
12,269.4962,0
12,277.2621,0
12,280.3952,0
12,285.2614,0
12,287.9445,0
12,290.0777,0
12,293.844,0
12,299.5102,0
12,304.0098,0
12,309.6426,0
12,315.5088,0
12,317.7419,0
12,322.9747,0
12,326.5412,0
12,329.3243,0
12,333.2739,0
12,338.6067,0
12,341.0898,0
12,345.1561,0
12,349.3891,0
12,356.1219,0
12,359.5382,0
13,1.8529,0
13,3.4195,0
13,5.7027,0
13,7.5028,0
13,10.0026,0
13,14.2524,0
13,23.602,0
13,33.3515,0
13,57.0505,0
13,67.4,0
13,72.0665,0
13,76.7997,0
13,88.6991,0
13,91.149,0
13,94.5156,0
13,113.0981,0
13,130.9972,0
13,145.3133,0
13,152.2963,0
13,157.2461,0
13,160.7959,0
13,164.6624,0
13,167.9623,0
13,171.7455,0
13,174.5286,0
13,178.5784,0
13,181.4616,0
13,185.4448,0
13,194.2111,0
13,200.0609,0
13,202.5441,0
13,207.3772,0
13,209.3604,0
13,210.4938,0
13,213.8436,0
13,215.4768,0
13,222.6932,0
13,229.2263,0
13,232.5761,0
13,234.2093,0
13,238.7591,0
13,247.7921,0
13,261.1082,0
13,264.0414,0
13,274.3243,0
13,290.4236,0
13,305.2896,0
13,308.6227,0
13,311.156,0
13,318.4057,0
13,328.0552,0
13,337.1216,0
13,344.5045,0
13,347.5711,0
13,354.9041,0
13,357.204,0
13,360.7372,0
14,0.0418,0
14,46.7439,0
14,73.4416,0
14,82.5908,0
14,88.2069,0
14,93.2565,0
14,97.2397,0
14,130.7365,0
14,157.6342,0
14,194.1477,0
14,254.1591,0
14,330.6359,0
15,0.8603,0
15,5.56,0
15,10.3263,0
15,14.7094,0
15,18.2926,0
15,20.009,0
15,21.4923,0
15,22.5089,0
15,27.2752,0
15,30.0084,0
15,34.7764,0
15,36.8745,0
15,40.6409,0
15,43.7907,0
15,46.1073,0
15,47.3071,0
15,48.2404,0
15,49.6904,0
15,50.5736,0
15,54.5233,0
15,55.9899,0
15,57.6064,0
15,60.223,0
15,65.9891,0
15,70.7888,0
15,72.622,0
15,73.9554,0
15,76.0217,0
15,77.8383,0
15,82.9546,0
15,86.2545,0
15,87.5543,0
15,89.3875,0
15,92.0374,0
15,95.9537,0
15,99.7035,0
15,103.6866,0
15,105.3697,0
15,111.586,0
15,114.4524,0
15,119.1021,0
15,120.1521,0
15,121.6353,0
15,121.752,0
15,126.3016,0
15,130.4681,0
15,136.1176,0
15,138.9341,0
15,141.6673,0
15,143.3171,0
15,149.2001,0
15,156.083,0
15,160.2493,0
15,166.1322,0
15,170.6319,0
15,171.8151,0
15,173.3485,0
15,179.7146,0
15,183.2977,0
15,186.5142,0
15,190.7805,0
15,195.3635,0
15,196.4968,0
15,202.7963,0
15,207.646,0
15,213.8623,0
15,215.6121,0
15,217.6286,0
15,222.0283,0
15,223.8449,0
15,225.8447,0
15,226.9447,0
15,228.4112,0
15,234.5775,0
15,235.8775,0
15,237.0607,0
15,238.3272,0
15,239.6272,0
15,241.7604,0
15,246.6101,0
15,249.3098,0
15,249.4264,0
15,256.1593,0
15,257.6093,0
15,259.3591,0
15,262.6089,0
15,264.7754,0
15,269.0918,0
15,270.6916,0
15,274.6747,0
15,280.341,0
15,284.8074,0
15,289.3571,0
15,289.957,0
15,290.807,0
15,291.7236,0
15,294.5734,0
15,297.5899,0
15,301.5896,0
15,304.456,0
15,305.7964,0
15,307.1798,0
15,311.1795,0
15,313.0293,0
15,316.1958,0
15,322.7787,0
15,324.3285,0
15,328.4782,0
15,334.7945,0
15,342.3772,0
15,345.0938,0
15,346.4104,0
15,347.9602,0
15,349.0102,0
15,349.6602,0
15,355.6264,0
15,357.143,0
15,359.6094,0
15,362.1425,0
16,0.4048,0
16,1.4381,0
16,6.1546,0
16,8.4044,0
16,12.2541,0
16,17.5205,0
16,20.8037,0
16,22.9035,0
16,25.1367,0
16,29.1699,0
16,31.9863,0
16,36.3028,0
16,40.3858,0
16,42.569,0
16,44.069,0
16,48.0521,0
16,49.1187,0
16,51.052,0
16,52.4018,0
16,53.4352,0
16,55.0184,0
16,58.9348,0
16,61.3347,0
16,65.5177,0
16,68.6675,0
16,73.0341,0
16,75.1005,0
16,78.1503,0
16,79.6169,0
16,83.2334,0
16,85.5166,0
16,89.1331,0
16,91.0663,0
16,94.2662,0
16,95.666,0
16,98.0492,0
16,100.999,0
16,102.899,0
16,105.0822,0
16,107.0154,0
16,109.5486,0
16,112.3151,0
16,115.3483,0
16,117.5647,0
16,120.5979,0
16,123.3145,0
16,125.4477,0
16,126.3977,0
16,129.4141,0
16,131.0807,0
16,133.9305,0
16,136.6304,0
16,139.3802,0
16,141.73,0
16,144.0132,0
16,148.1298,0
16,150.6796,0
16,153.996,0
16,155.6293,0
16,158.2958,0
16,158.9957,0
16,161.0623,0
16,161.9789,0
16,164.6287,0
16,167.9785,0
16,169.9451,0
16,173.8616,0
16,175.8615,0
16,179.6279,0
16,181.4945,0
16,182.9277,0
16,186.7775,0
16,189.1274,0
16,190.3274,0
16,193.0105,0
16,195.977,0
16,198.6268,0
16,202.21,0
16,204.4265,0
16,206.3597,0
16,210.1095,0
16,212.1427,0
16,214.4427,0
16,217.9591,0
16,221.4755,0
16,223.8587,0
16,227.0752,0
16,231.025,0
16,234.2582,0
16,237.1414,0
16,239.6412,0
16,242.5744,0
16,244.1742,0
16,248.2073,0
16,250.6906,0
16,254.4403,0
16,256.7235,0
16,260.2401,0
16,261.8567,0
16,263.9231,0
16,267.1063,0
16,269.5562,0
16,273.556,0
16,277.4724,0
16,280.4888,0
16,284.1886,0
16,288.0384,0
16,291.7049,0
16,294.1215,0
16,296.4047,0
16,298.1212,0
16,301.4377,0
16,303.9875,0
16,305.6709,0
16,309.6039,0
16,313.1537,0
16,315.8369,0
16,319.6366,0
16,321.7366,0
16,324.5364,0
16,328.2768,0
16,331.7432,0
16,335.0596,0
16,337.9428,0
16,339.6262,0
16,342.6759,0
16,345.8591,0
16,349.4422,0
16,351.7754,0
16,353.5087,0
16,356.4585,0
16,358.6751,0
16,361.2749,0
16,362.3249,0
17,2.0466000000001,1
17,5.29920000000018,1
17,7.63920000000019,1
17,8.83410000000009,1
17,10.162,1
17,13.564,1
17,17.0157000000002,1
17,19.3556000000001,1
17,20.3683000000001,1
17,23.0731000000001,1
17,24.8655,1
17,25.4299000000001,1
17,27.1058,1
17,29.595,1
17,31.5698,1
17,33.5781000000001,1
17,34.9057000000002,1
17,37.7269000000002,1
17,38.7559000000002,1
17,43.3857000000002,1
17,47.1529000000002,1
17,49.3269000000001,1
17,49.9411000000001,1
17,50.5054000000001,1
17,53.0442000000002,1
17,53.559,1
17,54.0234000000002,1
17,55.6997000000002,1
17,56.0319000000001,1
17,59.4335,1
17,60.8938000000001,1
17,61.3254000000002,1
17,62.9191000000001,1
17,65.0096000000001,1
17,66.0552000000002,1
17,67.964,1
17,69.7227000000002,1
17,75.0338,1
17,75.83,1
17,77.4893000000001,1
17,79.315,1
17,80.2443000000001,1
17,81.8707000000002,1
17,83.1983000000001,1
17,84.476,1
17,85.2228000000001,1
17,86.5672000000002,1
17,87.9118,1
17,89.3884000000002,1
17,91.4959000000001,1
17,93.5541000000001,1
17,95.8605,1
17,96.8566000000001,1
17,98.1843000000001,1
17,99.6775,1
17,100.607,1
17,101.8018,1
17,103.362,1
17,104.8057,1
17,105.2205,1
17,106.6478,1
17,108.0747,1
17,109.1371,1
17,109.9504,1
17,112.2235,1
17,113.2858,1
17,115.5097,1
17,117.4013,1
17,117.9822,1
17,118.928,1
17,119.9904,1
17,120.4219,1
17,122.6288,1
17,125.6823,1
17,126.3963,1
17,128.2382,1
17,128.8852,1
17,129.3504,1
17,130.3792,1
17,132.2875,1
17,133.3829,1
17,135.8723,1
17,137.2993,1
17,138.7431,1
17,140.8177,1
17,141.5811,1
17,143.7387,1
17,144.8833,1
17,147.2235,1
17,148.8997,1
17,150.9077,1
17,154.1933,1
17,155.3885,1
17,156.8652,1
17,159.2884,1
17,160.1844,1
17,161.4955,1
17,162.2756,1
17,162.9891,1
17,163.5699,1
17,173.5273,1
17,174.2572,1
17,174.5066,1
17,174.9711,1
17,175.4358,1
17,175.9334,1
17,177.7754,1
17,178.2074,1
17,178.7382,1
17,180.1488,1
17,181.4601,1
17,182.7873,1
17,183.7996,1
17,184.2477,1
17,184.7123,1
17,185.1609,1
17,185.6417,1
17,187.65,1
17,189.4253,1
17,190.6702,1
17,192.5788,1
17,194.9853,1
17,196.5784,1
17,198.4701,1
17,200.3456,1
17,202.4035,1
17,203.4655,1
17,205.0751,1
17,207.8798,1
17,210.2527,1
17,212.925,1
17,213.6715,1
17,214.4679,1
17,220.6748,1
17,223.8445,1
17,225.255,1
17,226.1679,1
17,227.1307,1
17,229.7528,1
17,231.4287,1
17,233.5694,1
17,237.0211,1
17,239.1953,1
17,241.4192,1
17,242.9787,1
17,245.9663,1
17,248.8873,1
17,250.4304,1
17,252.3057,1
17,254.1642,1
17,262.9099,1
17,264.2377,1
17,264.5533,1
17,265.466,1
17,266.4448,1
17,267.4574,1
17,268.4863,1
17,271.573,1
17,273.1491,1
17,274.2615,1
17,274.7925,1
17,275.6887,1
17,277.4812,1
17,279.1737,1
17,280.103,1
17,281.248,1
17,283.0733,1
17,284.783,1
17,286.1108,1
17,287.8531,1
17,289.4963,1
17,291.2718,1
17,295.022,1
17,296.4493,1
17,297.6276,1
17,299.2706,1
17,300.6815,1
17,302.7392,1
17,306.4068,1
17,307.5519,1
17,311.3687,1
17,317.2434,1
17,319.2021,1
17,324.0643,1
17,324.4295,1
17,326.0226,1
17,327.6491,1
17,328.1298,1
17,329.0596,1
17,329.5575,1
17,331.9468,1
17,336.4109,1
17,338.5522,1
17,338.9338,1
17,340.6432,1
17,342.618,1
17,344.6922,1
17,346.9162,1
17,347.3974,1
17,348.2771,1
17,353.5045,1
17,357.6698,1
17,358.0847,1
17,359.0143,1
17,359.4123,1
18,7.14489999999992,1
18,11.1275999999999,1
18,15.5918999999999,1
18,16.6045999999999,1
18,18.8778999999999,1
18,19.7407,1
18,20.6533999999999,1
18,23.5742,1
18,25.6817,1
18,27.0925,1
18,31.3247,1
18,33.2495999999999,1
18,33.8468999999999,1
18,34.212,1
18,40.0535999999999,1
18,46.1277,1
18,48.2685999999999,1
18,56.5162,1
18,59.8185999999999,1
18,64.0503999999999,1
18,67.8508999999999,1
18,69.0455999999999,1
18,72.4643999999999,1
18,79.982,1
18,83.069,1
18,83.3347,1
18,85.1763999999999,1
18,88.794,1
18,97.8553999999999,1
18,104.7921,1
18,110.1361,1
18,116.7242,1
18,117.0896,1
18,118.3343,1
18,119.2965,1
18,123.7939,1
18,124.607,1
18,125.6691,1
18,126.5819,1
18,131.0631,1
18,138.7797,1
18,142.4476,1
18,149.019,1
18,150.3633,1
18,152.2885,1
18,153.4333,1
18,154.0805,1
18,157.4331,1
18,157.715,1
18,161.2499,1
18,163.0254,1
18,169.2657,1
18,178.8576,1
18,180.6167,1
18,183.5704,1
18,186.9896,1
18,187.454,1
18,189.2628,1
18,191.5695,1
18,197.0462,1
18,205.7586,1
18,212.9114,1
18,214.637,1
18,217.7076,1
18,223.1177,1
18,225.2084,1
18,226.2375,1
18,227.2165,1
18,230.1706,1
18,233.108,1
18,237.2401,1
18,239.8952,1
18,240.7087,1
18,245.6871,1
18,247.3802,1
18,260.2416,1
18,260.673,1
18,261.5359,1
18,262.349,1
18,263.8757,1
18,265.353,1
18,265.9502,1
18,271.0948,1
18,276.6709,1
18,278.4465,1
18,279.0272,1
18,281.6329,1
18,290.5116,1
18,293.117,1
18,293.3994,1
18,296.3199,1
18,297.6309,1
18,298.2616,1
18,300.1533,1
18,300.9666,1
18,301.4313,1
18,305.8289,1
18,306.111,1
18,306.6919,1
18,307.1068,1
18,307.5879,1
18,311.5545,1
18,315.056,1
18,316.3339,1
18,316.7321,1
18,318.0768,1
18,318.624,1
18,319.7856,1
18,320.1674,1
18,321.5118,1
18,323.5694,1
18,324.9635,1
18,326.1751,1
18,329.1621,1
18,329.6102,1
18,331.5352,1
18,338.1402,1
18,342.2892,1
18,353.2423,1
18,353.6404,1
18,354.6033,1
18,358.3204,1
18,358.6853,1
18,359.0838,1
18,360.9093,1
19,1.05870000000019,1
19,2.6186000000001,1
19,3.16630000000006,1
19,4.04580000000004,1
19,6.08690000000016,1
19,6.76730000000006,1
19,8.39370000000019,1
19,9.50570000000019,1
19,10.9663,1
19,12.0946000000001,1
19,12.8081000000001,1
19,13.9202000000002,1
19,14.8493000000001,1
19,15.5961000000001,1
19,16.3926000000001,1
19,17.9361000000001,1
19,19.1311000000001,1
19,20.193,1
19,20.8902000000002,1
19,22.0186000000001,1
19,22.3006000000001,1
19,24.4582000000002,1
19,25.1218000000001,1
19,26.0016000000001,1
19,27.2628000000001,1
19,28.076,1
19,29.1381000000001,1
19,30.4823000000001,1
19,31.8267000000002,1
19,32.5069000000001,1
19,33.3033000000001,1
19,33.9671000000001,1
19,35.0626000000001,1
19,35.577,1
19,37.1039000000002,1
19,37.5517000000002,1
19,38.3649000000001,1
19,38.9624000000001,1
19,40.3065,1
19,41.7338000000001,1
19,44.1733000000001,1
19,45.2354000000001,1
19,46.3141000000001,1
19,47.4924000000001,1
19,47.8243000000001,1
19,48.7041000000001,1
19,49.3013000000001,1
19,50.2641000000001,1
19,51.7409000000001,1
19,52.5041000000001,1
19,54.2633000000001,1
19,55.4084000000001,1
19,56.9353,1
19,57.6155,1
19,58.4619000000001,1
19,60.3542000000002,1
19,61.7646000000001,1
19,62.362,1
19,63.7228000000001,1
19,65.3328000000001,1
19,66.6933000000001,1
19,68.1373,1
19,69.1161000000001,1
19,70.0953000000001,1
19,72.8668000000001,1
19,73.5307000000002,1
19,74.792,1
19,75.3062000000002,1
19,75.8541000000001,1
19,77.2812000000002,1
19,77.6462000000002,1
19,78.1938000000001,1
19,79.2062000000002,1
19,79.953,1
19,81.3304000000002,1
19,82.3262000000002,1
19,83.0896000000001,1
19,84.1515,1
19,86.4253,1
19,88.4831000000001,1
19,90.2591000000001,1
19,90.7235,1
19,92.1175,1
19,92.8477000000002,1
19,94.1092000000002,1
19,96.5319000000002,1
19,97.3449000000002,1
19,99.154,1
19,100.0001,1
19,102.3403,1
19,104.1657,1
19,105.7089,1
19,106.8873,1
19,107.6012,1
19,109.1443,1
19,111.202,1
19,112.9115,1
19,114.1229,1
19,116.2306,1
19,117.89,1
19,118.5373,1
19,119.8483,1
19,121.3253,1
19,122.4371,1
19,124.6942,1
19,125.0593,1
19,126.4533,1
19,126.8849,1
19,129.4569,1
19,130.8509,1
19,132.3446,1
19,133.0916,1
19,134.22,1
19,135.1493,1
19,136.4934,1
19,137.3564,1
19,138.8831,1
19,139.381,1
19,140.0282,1
19,140.908,1
19,141.97,1
19,143.9447,1
19,144.4096,1
19,146.5503,1
19,148.4256,1
19,149.1561,1
19,150.1681,1
19,150.9481,1
19,151.3299,1
19,152.8898,1
19,153.7858,1
19,155.993,1
19,156.524,1
19,158.7811,1
19,159.7103,1
19,160.1254,1
19,160.5236,1
19,160.9552,1
19,163.2287,1
19,163.5772,1
19,164.8221,1
19,168.008,1
19,168.6719,1
19,169.0701,1
19,170.1656,1
19,171.4101,1
19,172.5885,1
19,174.0155,1
19,175.4761,1
19,176.3058,1
19,178.3305,1
19,179.7409,1
19,180.3385,1
19,181.716,1
19,182.7282,1
19,186.2797,1
19,187.0098,1
19,187.7565,1
19,188.9348,1
19,189.7647,1
19,191.5241,1
19,192.7849,1
19,194.8925,1
19,196.0044,1
19,197.7138,1
19,199.7881,1
19,200.9168,1
19,202.0454,1
19,203.0576,1
19,204.4515,1
19,205.497,1
19,206.4433,1
19,207.306,1
19,208.1361,1
19,209.3969,1
19,210.6582,1
19,211.422,1
19,212.633,1
19,213.7119,1
19,214.4755,1
19,215.9354,1
19,217.2797,1
19,218.1597,1
19,219.5037,1
19,220.4662,1
19,222.2751,1
19,223.1544,1
19,224.5984,1
19,225.4282,1
19,226.2246,1
19,226.8719,1
19,227.2867,1
19,228.6973,1
19,229.6271,1
19,230.3736,1
19,230.8381,1
19,232.2157,1
19,233.0621,1
19,235.0701,1
19,235.485,1
19,236.1154,1
19,236.8956,1
19,238.4389,1
19,239.3349,1
19,239.7168,1
19,240.0653,1
19,242.1232,1
19,243.1521,1
19,244.1808,1
19,245.3756,1
19,246.0064,1
19,247.2677,1
19,249.0102,1
19,251.2174,1
19,252.0138,1
19,253.3083,1
19,253.8227,1
19,255.0012,1
19,255.3827,1
19,256.5279,1
19,256.8265,1
19,257.1422,1
19,259.1999,1
19,260.3447,1
19,261.4568,1
19,262.9005,1
19,263.4649,1
19,264.1784,1
19,264.7261,1
19,265.9044,1
19,266.4524,1
19,267.3811,1
19,268.2609,1
19,269.4058,1
19,270.7168,1
19,271.3974,1
19,272.2437,1
19,272.7916,1
19,273.1731,1
19,275.5627,1
19,276.0109,1
19,277.0563,1
19,277.4882,1
19,277.9692,1
19,279.7117,1
19,281.1721,1
19,282.4666,1
19,283.8771,1
19,285.4537,1
19,286.0842,1
19,287.8103,1
19,289.1711,1
19,290.9467,1
19,291.5939,1
19,292.3079,1
19,293.104,1
19,293.6684,1
19,294.1827,1
19,295.1952,1
19,295.9752,1
19,296.9377,1
19,298.9457,1
19,299.3772,1
19,300.8542,1
19,301.2523,1
19,302.6797,1
19,303.7418,1
19,304.7375,1
19,305.5009,1
19,307.0277,1
19,307.9239,1
19,308.6374,1
19,309.6332,1
19,310.1642,1
19,310.6951,1
19,312.72,1
19,313.782,1
19,314.6119,1
19,315.1095,1
19,316.2712,1
19,317.1507,1
19,317.7321,1
19,321.0674,1
19,321.615,1
19,322.2123,1
19,323.042,1
19,324.3531,1
19,325.2992,1
19,326.2783,1
19,327.6892,1
19,329.1824,1
19,329.9792,1
19,331.1906,1
19,332.6679,1
19,333.0661,1
19,334.0452,1
19,335.2069,1
19,335.804,1
19,336.4679,1
19,338.6419,1
19,338.9574,1
19,339.7539,1
19,340.4674,1
19,341.0983,1
19,342.7905,1
19,343.8197,1
19,345.2301,1
19,346.3589,1
19,346.956,1
19,347.8027,1
19,348.5494,1
19,350.3914,1
19,350.5908,1
19,351.6031,1
19,352.3997,1
19,353.1461,1
19,354.8557,1
19,357.5608,1
19,360.5478,1
